"VDS_ID","노선번호","VDS이정","방향코드","콘존ID","콘존시작이정","콘존종료이정",
"0500VDS09700","0500","113.8000","S","0500CZS200","114.4500","94.4700",
"0500VDS10500","0500","123.6000","S","0500CZS210","123.6000","114.4500",
"0150VDS28490","0150","326.0000","S","0150CZS320","326.0900","320.9700",
"0150VDS28730","0150","331.8000","S","0150CZS350","332.1400","328.9800",
"0150VDS28940","0150","333.2000","S","0150CZS360","333.2900","332.1400",
"0500VDS13200","0500","152.5000","S","0500CZS240","160.0100","142.9300",
"0500VDS13900","0500","160.2000","S","0500CZS250","167.3000","160.0100",
"0150VDE28480","0150","326.0000","E","0150CZE320","320.9700","326.0900",
"0150VDE28720","0150","331.8000","E","0150CZE350","328.9800","332.1400",
"0150VDE28930","0150","333.1000","E","0150CZE360","332.1400","333.2900",
"1040VDS00150","1040","3.0000","S","1040CZS010","3.3000","0.0000",
"1040VDE00150","1040","3.0000","E","1040CZE010","0.0000","3.3000",
"0500VDS15500","0500","182.5000","S","0500CZS260","182.6900","176.6000",
"0500VDS18600","0500","224.6000","S","0500CZS300","234.4000","211.8400",
"0500VDS18800","0500","226.6000","S","0500CZS300","234.4000","211.8400",
"0500VDS19100","0500","229.9000","S","0500CZS300","234.4000","211.8400",
"0500VDS19200","0500","231.1000","S","0500CZS300","234.4000","211.8400",
"0550VDE00200","0550","4.6000","E","0550CZE030","4.5000","6.8500",
"0550VDE00750","0550","108.8000","E","0550CZE130","108.5000","113.3600",
"0550VDE01200","0550","113.6000","E","0550CZE140","113.3600","118.5600",
"0550VDE02300","0550","127.5000","E","0550CZE150","127.2600","133.5400",
"0550VDE02900","0550","133.6000","E","0550CZE160","133.5400","141.2800",
"0550VDE08000","0550","189.6000","E","0550CZE190","179.3800","194.3800",
"0550VDE08500","0550","194.6000","E","0550CZE200","194.3800","207.6800",
"0550VDE10800","0550","220.0000","E","0550CZE220","219.7800","229.9800",
"0550VDE11800","0550","229.7000","E","0550CZE220","219.7800","229.9800",
"0550VDE12500","0550","243.7000","E","0550CZE230","229.9800","246.9600",
"0550VDE12800","0550","246.9000","E","0550CZE240","246.9600","261.1500",
"0370VDE02200","0370","351.8000","E","0370CZE040","346.7000","352.0000",
"0370VDS02200","0370","351.8000","S","0370CZS040","352.0000","346.7000",
"0400VDE00100","0400","0.4000","E","0400CZE010","0.0000","2.8000",
"0400VDE00300","0400","2.4000","E","0400CZE010","0.0000","2.8000",
"0400VDE00800","0400","8.0000","E","0400CZE030","8.0000","13.7000",
"0400VDE02000","0400","20.6000","E","0400CZE035","13.7000","20.8700",
"0400VDE02400","0400","23.4000","E","0400CZE040","20.8700","23.7000",
"0400VDE02700","0400","25.8000","E","0400CZE060","25.6800","35.8900",
"0400VDE04000","0400","38.8000","E","0400CZE070","35.8900","55.4000",
"0010VDE06900","0010","121.9000","E","0010CZE120","112.8400","122.1000",
"0010VDE07000","0010","122.7000","E","0010CZE130","122.1000","126.1900",
"0010VDE07100","0010","123.6000","E","0010CZE130","122.1000","126.1900",
"0010VDE07400","0010","126.5000","E","0010CZE140","126.1900","133.8700",
"0010VDE07500","0010","127.4000","E","0010CZE140","126.1900","133.8700",
"0550VDS00200","0550","4.6000","S","0550CZS030","6.8500","4.5000",
"0550VDS00750","0550","108.8000","S","0550CZS130","113.3600","108.5000",
"0550VDS01200","0550","113.6000","S","0550CZS140","118.5600","113.3600",
"0550VDS02300","0550","127.5000","S","0550CZS150","133.5400","127.2600",
"0550VDS02900","0550","133.6000","S","0550CZS160","141.2800","133.5400",
"0550VDS08000","0550","189.6000","S","0550CZS190","194.3800","179.3800",
"0550VDS08500","0550","194.6000","S","0550CZS200","207.6800","194.3800",
"0550VDS11800","0550","229.7000","S","0550CZS220","229.9800","219.7800",
"0101VDS04700","0101","60.9000","S","0101CZS060","61.2000","38.2600",
"0550VDS12500","0550","243.7000","S","0550CZS230","246.9600","229.9800",
"0550VDS12800","0550","246.9000","S","0550CZS240","261.1500","246.9600",
"0101VDS04900","0101","63.1000","S","0101CZS070","79.7100","61.2000",
"0550VDS20000","0550","327.1000","S","0550CZS310","336.2500","325.5400",
"0101VDS05800","0101","79.4000","S","0101CZS070","79.7100","61.2000",
"0650VDE04300","0650","69.1200","E","0650CZE140","69.0100","78.2500",
"0650VDE05200","0650","78.5100","E","0650CZE150","78.2500","93.4700",
"0650VDE05500","0650","81.4400","E","0650CZE150","78.2500","93.4700",
"0101VDS06800","0101","99.7000","S","0101CZS100","100.2600","97.2500",
"0101VDS06900","0101","100.8000","S","0101CZS110","104.9600","100.2600",
"0101VDE05400","0101","68.3000","E","0101CZE070","61.2000","79.7100",
"0650VDS01100","0650","28.4200","S","0650CZS090","33.0000","26.3400",
"0650VDS01500","0650","32.6900","S","0650CZS090","33.0000","26.3400",
"0101VDE05800","0101","79.4000","E","0101CZE070","61.2000","79.7100",
"0650VDS03600","0650","60.7400","S","0650CZS120","61.7700","59.0700",
"0101VDE06500","0101","96.7000","E","0101CZE090","84.4300","97.2500",
"0650VDS05700","0650","83.3600","S","0650CZS150","93.4700","78.2500",
"0651VDE00800","0651","13.9000","E","0651CZE020","6.0300","13.9200",
"0010VDE23900","0010","305.8000","E","0010CZE350","305.1100","308.6000",
"0010VDE24600","0010","315.1000","E","0010CZE355","308.6000","316.1000",
"0010VDE24700","0010","316.5000","E","0010CZE355","308.6000","316.1000",
"0010VDE25600","0010","329.9000","E","0010CZE357","316.1000","329.9100",
"0010VDE25900","0010","333.3000","E","0010CZE360","329.9100","333.4400",
"0600VDE00010","0600","14.7800","E","0600CZE050","7.8200","14.8600",
"0600VDE00015","0600","20.4400","E","0600CZE070","20.1600","33.0400",
"0651VDS00800","0651","13.9000","S","0651CZS020","13.9200","6.0300",
"0600VDE00028","0600","39.0000","E","0600CZE080","33.0400","47.2400",
"1000VDE00100","1000","0.1000","E","1000CZE010","0.0000","4.1600",
"1000VDE00400","1000","3.5000","E","1000CZE010","0.0000","4.1600",
"1000VDE00500","1000","4.3000","E","1000CZE020","4.1600","4.4000",
"1000VDE01100","1000","9.4000","E","1000CZE040","9.3600","14.3600",
"1000VDE01600","1000","13.7000","E","1000CZE040","9.3600","14.3600",
"1000VDE02700","1000","24.9000","E","1000CZE080","24.8900","25.8800",
"1000VDE02800","1000","26.1000","E","1000CZE090","25.8800","26.3600",
"1000VDE03300","1000","30.0000","E","1000CZE110","28.2800","30.1800",
"1000VDE03400","1000","30.8000","E","1000CZE120","30.1800","32.9100",
"1000VDE03500","1000","31.7000","E","1000CZE120","30.1800","32.9100",
"1000VDE03600","1000","33.0000","E","1000CZE130","32.9100","35.8000",
"1000VDE03800","1000","72.0000","E","1000CZE210","69.9700","72.1800",
"1000VDE04000","1000","75.3000","E","1000CZE230","75.2900","76.2000",
"1000VDE04500","1000","81.8000","E","1000CZE250","79.0400","82.0600",
"1000VDE05200","1000","94.8000","E","1000CZE300","90.8200","95.0300",
"1000VDE05400","1000","97.9000","E","1000CZE330","97.6900","103.3000",
"1000VDE05900","1000","102.8000","E","1000CZE330","97.6900","103.3000",
"1000VDE06200","1000","106.1000","E","1000CZE340","103.3000","106.9400",
"1000VDE06300","1000","107.7000","E","1000CZE350","106.9400","112.2100",
"1000VDE06500","1000","112.6000","E","1000CZE360","112.2100","116.3400",
"1000VDE06600","1000","114.4000","E","1000CZE360","112.2100","116.3400",
"1000VDE06700","1000","117.0000","E","1000CZE370","116.3400","119.2000",
"1000VDE06900","1000","119.5000","E","1000CZE380","119.2000","121.4000",
"1000VDE07500","1000","127.2000","E","1000CZE390","121.4000","0.0000",
"1000VDS00100","1000","0.1000","S","1000CZS010","4.1600","0.0000",
"1000VDS00400","1000","3.5000","S","1000CZS010","4.1600","0.0000",
"1000VDS00500","1000","4.3000","S","1000CZS020","4.4000","4.1600",
"1000VDS01000","1000","9.0000","S","1000CZS030","9.3600","4.4000",
"1000VDS01100","1000","9.4000","S","1000CZS040","14.3600","9.3600",
"1000VDS01600","1000","13.7000","S","1000CZS040","14.3600","9.3600",
"1000VDS02700","1000","24.9000","S","1000CZS080","25.8800","24.8900",
"1000VDS02800","1000","26.1000","S","1000CZS090","26.3600","25.8800",
"1000VDS03600","1000","33.0000","S","1000CZS130","35.8000","32.9100",
"0550VDS23200","0550","367.0000","S","0550CZS330","372.6000","362.2300",
"0550VDS23800","0550","372.9000","S","0550CZS340","385.0000","372.6000",
"0550VDS24700","0550","382.3000","S","0550CZS340","385.0000","372.6000",
"0500VDE16700","0500","199.2000","E","0500CZE290","198.9900","211.8400",
"0500VDE17500","0500","206.8000","E","0500CZE290","198.9900","211.8400",
"0500VDE17700","0500","208.7000","E","0500CZE290","198.9900","211.8400",
"0500VDE19200","0500","231.1000","E","0500CZE300","211.8400","234.4000",
"0500VDS00500","0500","6.0000","S","0500CZS020","7.9600","5.0000",
"0500VDS01000","0500","12.6000","S","0500CZS040","15.8700","12.5400",
"0500VDS01300","0500","16.6000","S","0500CZS050","17.1000","15.8700",
"0500VDS01800","0500","22.8000","S","0500CZS065","24.4200","22.7000",
"0500VDS01900","0500","23.7000","S","0500CZS065","24.4200","22.7000",
"0500VDS02300","0500","27.5000","S","0500CZS080","27.9600","25.8100",
"0500VDS02600","0500","30.6000","S","0500CZS090","30.8000","27.9600",
"0500VDS02700","0500","31.9000","S","0500CZS100","36.8900","30.8000",
"0500VDS03560","0500","42.0000","S","0500CZS120","48.4100","41.7900",
"0500VDS03950","0500","47.0000","S","0500CZS120","48.4100","41.7900",
"0500VDS04150","0500","48.4000","S","0500CZS120","48.4100","41.7900",
"0500VDS04103","0500","48.7100","S","0500CZS130","50.0000","48.4100",
"0500VDS04104","0500","48.7100","S","0500CZS130","50.0000","48.4100",
"0500VDS04107","0500","49.5900","S","0500CZS130","50.0000","48.4100",
"0500VDS04108","0500","49.6900","S","0500CZS130","50.0000","48.4100",
"0500VDS04425","0500","52.4000","S","0500CZS135","52.5100","50.0000",
"0500VDS05105","0500","59.7700","S","0500CZS140","60.4700","52.5100",
"0500VDS05920","0500","66.9000","S","0500CZS150","67.5700","60.4700",
"0500VDS06450","0500","72.7000","S","0500CZS160","73.2900","67.5700",
"0500VDS07100","0500","79.2000","S","0500CZS170","79.6300","73.2900",
"0500VDS07800","0500","86.5000","S","0500CZS180","88.2900","79.6300",
"0500VDS07900","0500","87.4000","S","0500CZS180","88.2900","79.6300",
"0500VDS08300","0500","94.2000","S","0500CZS190","94.4700","88.2900",
"0301VDS07000","0301","73.0000","S","0301CZS110","85.4500","72.8900",
"0010VDS12500","0010","177.5000","S","0010CZS200","179.2800","172.3200",
"0010VDS13000","0010","182.3000","S","0010CZS205","183.1800","179.2800",
"0010VDS13400","0010","189.8000","S","0010CZS210","192.3000","183.1800",
"0010VDS13700","0010","192.4000","S","0010CZS215","200.2700","192.3000",
"0010VDS13800","0010","193.6000","S","0010CZS215","200.2700","192.3000",
"0010VDS14500","0010","200.1000","S","0010CZS215","200.2700","192.3000",
"0010VDS15200","0010","207.2000","S","0010CZS220","212.3000","200.2700",
"0010VDS15800","0010","212.9000","S","0010CZS230","222.3800","212.3000",
"0351VDE02900","0351","37.1000","E","0351CZE050","36.9600","47.8900",
"0010VDS16700","0010","221.8000","S","0010CZS230","222.3800","212.3000",
"0351VDE04100","0351","48.0000","E","0351CZE060","47.8900","55.4000",
"0010VDS18700","0010","247.8000","S","0010CZS250","248.3100","232.2700",
"0351VDE08200","0351","89.5000","E","0351CZE090","89.4700","96.8500",
"0010VDS18800","0010","248.8000","S","0010CZS260","259.7100","248.3100",
"0351VDE09600","0351","105.6000","E","0351CZE110","105.1800","111.6100",
"0270VDE01100","0270","25.0000","E","0270CZE030","5.6300","25.0500",
"0270VDE01800","0270","37.9000","E","0270CZE050","37.8100","52.5900",
"0270VDE02500","0270","52.4000","E","0270CZE050","37.8100","52.5900",
"0270VDE02900","0270","58.1000","E","0270CZE060","52.5900","58.2700",
"0270VDE03300","0270","61.9000","E","0270CZE070","58.2700","62.0900",
"0270VDE03700","0270","74.2000","E","0270CZE080","62.0900","75.7700",
"0270VDE03900","0270","75.8000","E","0270CZE090","75.7700","85.5800",
"0270VDE05000","0270","85.7000","E","0270CZE100","85.5800","102.8300",
"0010VDE08700","0010","139.8000","E","0010CZE160","139.3500","143.4000",
"0010VDE08800","0010","140.9000","E","0010CZE160","139.3500","143.4000",
"0270VDE05800","0270","102.7000","E","0270CZE100","85.5800","102.8300",
"0270VDE06400","0270","113.4000","E","0270CZE120","113.2500","117.7800",
"0010VDE09700","0010","149.8000","E","0010CZE165","143.4000","150.0900",
"0270VDS00400","0270","5.7000","S","0270CZS030","25.0500","5.6300",
"0010VDE09900","0010","152.9000","E","0010CZE170","150.0900","153.2700",
"0010VDE10400","0010","157.1000","E","0010CZE180","153.2700","167.2500",
"0121VDE01190","0121","12.5800","E","0121CZE030","9.6200","15.3000",
"0140VDS00800","0140","12.8600","S","0140CZS030","17.1200","12.6000",
"0140VDE00800","0140","12.8600","E","0140CZE030","12.6000","17.1200",
"0100VDE01800","0100","18.3900","E","0100CZE040","17.7000","24.2000",
"0100VDS01800","0100","18.3900","S","0100CZS040","24.2000","17.7000",
"0270VDS01100","0270","25.0000","S","0270CZS030","25.0500","5.6300",
"0270VDS01800","0270","37.9000","S","0270CZS050","52.5900","37.8100",
"0140VDE00300","0140","2.9900","E","0140CZE010","0.0000","3.0000",
"0140VDS00300","0140","2.9900","S","0140CZS010","3.0000","0.0000",
"0270VDS02500","0270","52.4000","S","0270CZS050","52.5900","37.8100",
"0270VDS02900","0270","58.1000","S","0270CZS060","58.2700","52.5900",
"0270VDS03300","0270","61.9000","S","0270CZS070","62.0900","58.2700",
"0251VDS07300","0251","74.7400","S","0251CZS120","77.0300","74.2100",
"0270VDS03700","0270","74.2000","S","0270CZS080","75.7700","62.0900",
"0270VDS03900","0270","75.8000","S","0270CZS090","85.5800","75.7700",
"0270VDS05000","0270","85.7000","S","0270CZS100","102.8300","85.5800",
"0010VDS04115","0010","43.0000","S","0010CZS080","57.2000","40.1100",
"0270VDS05800","0270","102.7000","S","0270CZS100","102.8300","85.5800",
"0270VDS06400","0270","113.4000","S","0270CZS120","117.7800","113.2500",
"0300VDE00100","0300","0.5000","E","0300CZE130","0.0000","8.1000",
"0300VDE00600","0300","5.2000","E","0300CZE130","0.0000","8.1000",
"0400VDS07900","0400","85.8400","S","0400CZS120","90.8600","85.4900",
"0400VDS08100","0400","91.1600","S","0400CZS130","103.1900","90.8600",
"0450VDE00300","0450","3.6000","E","0450CZE020","3.4900","8.6700",
"0450VDE01200","0450","14.1000","E","0450CZE030","8.6700","17.5100",
"0450VDE02100","0450","24.5000","E","0450CZE050","24.4000","35.9700",
"0450VDE02900","0450","34.0000","E","0450CZE050","24.4000","35.9700",
"0450VDE03100","0450","36.1000","E","0450CZE060","35.9700","52.3800",
"0450VDE04850","0450","55.7000","E","0450CZE070","52.3800","63.0800",
"0450VDE05500","0450","62.6000","E","0450CZE070","52.3800","63.0800",
"0450VDE05600","0450","63.7000","E","0450CZE080","63.0800","73.7000",
"0450VDE06600","0450","73.8000","E","0450CZE090","73.7000","85.6100",
"0450VDE06800","0450","76.0000","E","0450CZE090","73.7000","85.6100",
"0450VDE08800","0450","96.4000","E","0450CZE100","85.6100","102.3200",
"0100VDE01300","0100","13.1000","E","0100CZE030","12.6000","17.7000",
"0251VDE02300","0251","21.8000","E","0251CZE020","10.0100","21.8200",
"0251VDE06000","0251","60.9000","E","0251CZE070","60.4000","64.2000",
"0251VDE07100","0251","73.1000","E","0251CZE110","73.0000","74.2100",
"0251VDE08300","0251","84.9000","E","0251CZE160","83.0000","84.9600",
"0251VDE09300","0251","99.3000","E","0251CZE200","99.0000","111.0600",
"0100VDE02800","0100","28.8000","E","0100CZE060","28.6000","35.6000",
"0100VDE03000","0100","31.1000","E","0100CZE060","28.6000","35.6000",
"0010VDS20900","0010","272.1000","S","0010CZS280","272.4400","268.3800",
"0251VDE10400","0251","110.7000","E","0251CZE200","99.0000","111.0600",
"0251VDE12200","0251","132.1000","E","0251CZE230","128.7100","141.5500",
"0251VDE12800","0251","141.1000","E","0251CZE230","128.7100","141.5500",
"0251VDE16110","0251","175.4000","E","0251CZE280","169.4400","175.4700",
"0251VDE16210","0251","177.9000","E","0251CZE300","177.8000","183.8000",
"0251VDE17010","0251","183.9000","E","0251CZE310","183.8000","194.2200",
"0251VDE17800","0251","190.7000","E","0251CZE310","183.8000","194.2200",
"0251VDE18200","0251","194.2000","E","0251CZE310","183.8000","194.2200",
"0251VDS00400","0251","3.3000","S","0251CZS010","10.0100","0.0000",
"0251VDS01800","0251","17.1000","S","0251CZS020","21.8200","10.0100",
"0251VDS02000","0251","19.1000","S","0251CZS020","21.8200","10.0100",
"0010VDS21500","0010","278.0000","S","0010CZS300","282.9800","277.8900",
"0010VDS21800","0010","281.9000","S","0010CZS300","282.9800","277.8900",
"0010VDS22900","0010","293.0000","S","0010CZS310","293.0500","282.9800",
"0010VDS24100","0010","308.1000","S","0010CZS350","308.6000","305.1100",
"0010VDS24600","0010","315.1000","S","0010CZS355","316.1000","308.6000",
"0010VDS24700","0010","316.5000","S","0010CZS355","316.1000","308.6000",
"0010VDS25200","0010","324.1000","S","0010CZS357","329.9100","316.1000",
"0251VDS02300","0251","21.8000","S","0251CZS020","21.8200","10.0100",
"0251VDS07100","0251","73.1000","S","0251CZS110","74.2100","73.0000",
"0251VDS07600","0251","77.5000","S","0251CZS130","78.3600","77.0300",
"0251VDS07800","0251","79.6000","S","0251CZS140","80.6100","78.3600",
"0251VDS08200","0251","83.8000","S","0251CZS160","84.9600","83.0000",
"0251VDS08300","0251","84.9000","S","0251CZS160","84.9600","83.0000",
"0251VDS09300","0251","99.3000","S","0251CZS200","111.0600","99.0000",
"0251VDS10400","0251","110.7000","S","0251CZS200","111.0600","99.0000",
"0251VDS12200","0251","132.1000","S","0251CZS230","141.5500","128.7100",
"0251VDS12800","0251","141.1000","S","0251CZS230","141.5500","128.7100",
"0150VDS12200","0150","137.6000","S","0150CZS140","145.7800","137.3800",
"0150VDS12500","0150","141.2000","S","0150CZS140","145.7800","137.3800",
"0150VDS12900","0150","146.4000","S","0150CZS150","152.0000","145.7800",
"0150VDS13400","0150","151.2000","S","0150CZS150","152.0000","145.7800",
"0150VDS14400","0150","160.7000","S","0150CZS160","160.9900","152.0000",
"0150VDS15200","0150","174.8000","S","0150CZS180","181.6100","172.9000",
"0150VDS17000","0150","193.4000","S","0150CZS190","193.6000","181.6100",
"0150VDS19800","0150","224.5000","S","0150CZS220","237.8000","224.1200",
"0150VDS20900","0150","237.6000","S","0150CZS220","237.8000","224.1200",
"0150VDS21200","0150","240.7000","S","0150CZS230","248.5200","237.8000",
"0150VDS21300","0150","241.6000","S","0150CZS230","248.5200","237.8000",
"0150VDS22600","0150","254.5000","S","0150CZS240","255.1000","248.5200",
"0150VDS22700","0150","255.9000","S","0150CZS250","264.4700","255.1000",
"0150VDS24500","0150","272.8000","S","0150CZS270","285.1800","272.5400",
"0150VDS26300","0150","291.8000","S","0150CZS290","299.5300","291.7100",
"0150VDS26900","0150","299.3000","S","0150CZS290","299.5300","291.7100",
"0150VDS27000","0150","301.4000","S","0150CZS300","307.4000","299.5300",
"0150VDS27400","0150","307.5000","S","0150CZS305","313.1500","307.4000",
"0150VDS27700","0150","312.8000","S","0150CZS305","313.1500","307.4000",
"0150VDS28000","0150","317.2000","S","0150CZS315","320.9700","317.1700",
"0010VDS25600","0010","329.9000","S","0010CZS357","329.9100","316.1000",
"0010VDS25800","0010","332.6000","S","0010CZS360","333.4400","329.9100",
"0010VDS25900","0010","333.3000","S","0010CZS360","333.4400","329.9100",
"0010VDS26000","0010","334.0000","S","0010CZS370","340.1400","333.4400",
"0121VDE00900","0121","9.4000","E","0121CZE020","3.7000","9.6200",
"0121VDE01200","0121","12.7000","E","0121CZE030","9.6200","15.3000",
"0121VDE01500","0121","16.1000","E","0121CZE040","15.3000","20.5000",
"0010VDS27500","0010","360.0000","S","0010CZS385","360.1100","348.5000",
"0300VDE04400","0300","47.6000","E","0300CZE170","35.6000","51.8000",
"6000VDE01400","6000","17.5900","E","6000CZE040","17.2400","26.1900",
"6000VDE02100","6000","25.6700","E","6000CZE040","17.2400","26.1900",
"6000VDE02150","6000","26.6900","E","6000CZE050","26.1900","27.9600",
"6000VDE02200","6000","27.9900","E","6000CZE060","27.9600","37.8800",
"0300VDE06600","0300","74.3000","E","0300CZE190","70.8000","79.9000",
"0300VDE07100","0300","79.2000","E","0300CZE190","70.8000","79.9000",
"0300VDS00100","0300","0.5000","S","0300CZS130","8.1000","0.0000",
"0300VDS00600","0300","5.2000","S","0300CZS130","8.1000","0.0000",
"6000VDE03100","6000","37.7900","E","6000CZE060","27.9600","37.8800",
"0300VDS02500","0300","29.0000","S","0300CZS150","29.6000","18.8000",
"0300VDS03900","0300","42.7000","S","0300CZS170","43.3000","35.6000",
"0300VDS04800","0300","51.6000","S","0300CZS175","51.8000","43.3000",
"0300VDS05000","0300","53.6000","S","0300CZS180","70.8000","51.8000",
"0300VDS05400","0300","57.6000","S","0300CZS180","70.8000","51.8000",
"0300VDS05600","0300","59.5000","S","0300CZS180","70.8000","51.8000",
"6000VDS02100","6000","25.6700","S","6000CZS040","26.1900","17.2400",
"6000VDS02150","6000","26.6900","S","6000CZS050","27.9600","26.1900",
"6000VDS02200","6000","27.9900","S","6000CZS060","37.8800","27.9600",
"0300VDS06600","0300","74.3000","S","0300CZS190","79.9000","70.8000",
"0300VDS07100","0300","79.2000","S","0300CZS190","79.9000","70.8000",
"0301VDE00400","0301","4.2000","E","0301CZE020","4.0400","12.7000",
"6000VDS03100","6000","37.7900","S","6000CZS060","37.8800","27.9600",
"0301VDE00900","0301","8.7000","E","0301CZE020","4.0400","12.7000",
"0301VDE02400","0301","24.4000","E","0301CZE040","24.3800","36.8900",
"0301VDE03200","0301","32.9000","E","0301CZE040","24.3800","36.8900",
"0301VDE05100","0301","52.7000","E","0301CZE060","47.4200","56.5600",
"0301VDE05500","0301","56.9000","E","0301CZE070","56.5600","60.4000",
"0301VDE06000","0301","62.7000","E","0301CZE080","60.4000","63.0200",
"0010VDS28000","0010","365.0000","S","0010CZS400","372.9000","364.9400",
"0301VDE06300","0301","65.7000","E","0301CZE090","63.0200","65.9000",
"0301VDE06400","0301","66.7000","E","0301CZE100","65.9000","72.8900",
"0301VDE06700","0301","69.9000","E","0301CZE100","65.9000","72.8900",
"0301VDE07000","0301","73.0000","E","0301CZE110","72.8900","85.4500",
"0010VDS10500","0010","158.3000","S","0010CZS180","167.2500","153.2700",
"0301VDS00400","0301","4.2000","S","0301CZS020","12.7000","4.0400",
"0301VDS00800","0301","7.9000","S","0301CZS020","12.7000","4.0400",
"0301VDS00900","0301","8.7000","S","0301CZS020","12.7000","4.0400",
"0301VDS02400","0301","24.4000","S","0301CZS040","36.8900","24.3800",
"0301VDS03200","0301","32.9000","S","0301CZS040","36.8900","24.3800",
"0301VDS05100","0301","52.7000","S","0301CZS060","56.5600","47.4200",
"0301VDS05500","0301","56.9000","S","0301CZS070","60.4000","56.5600",
"0010VDS11900","0010","171.9000","S","0010CZS190","172.3200","167.2500",
"0301VDS06000","0301","62.7000","S","0301CZS080","63.0200","60.4000",
"0301VDS06300","0301","65.7000","S","0301CZS090","65.9000","63.0200",
"0301VDS06700","0301","69.9000","S","0301CZS100","72.8900","65.9000",
"0550VDE23200","0550","367.0000","E","0550CZE330","362.2300","372.6000",
"2510VDE02800","2510","28.0000","E","2510CZE030","27.9500","34.3800",
"0550VDE23800","0550","372.9000","E","0550CZE340","372.6000","385.0000",
"2510VDE03400","2510","34.3000","E","2510CZE030","27.9500","34.3800",
"2510VDE05000","2510","48.9000","E","2510CZE060","45.7000","50.3100",
"2510VDE05200","2510","50.7000","E","2510CZE070","50.3100","53.9000",
"4510VDE00300","4510","3.2000","E","4510CZE015","3.1000","12.4000",
"4510VDE00500","4510","5.2000","E","4510CZE015","3.1000","12.4000",
"4510VDE01400","4510","21.5000","E","4510CZE045","20.1000","23.3500",
"4510VDS00300","4510","3.2000","S","4510CZS015","12.4000","3.1000",
"5510VDE00300","5510","9.5000","E","5510CZE010","9.1900","13.3500",
"5510VDE00400","5510","10.2000","E","5510CZE010","9.1900","13.3500",
"5510VDE00700","5510","13.4000","E","5510CZE020","13.3500","15.6500",
"5510VDE00900","5510","16.1000","E","5510CZE030","15.6500","17.4200",
"5510VDS00300","5510","9.5000","S","5510CZS010","13.3500","9.1900",
"5510VDS00400","5510","10.2000","S","5510CZS010","13.3500","9.1900",
"5510VDS00700","5510","13.4000","S","5510CZS020","15.6500","13.3500",
"5510VDS00900","5510","16.1000","S","5510CZS030","17.4200","15.6500",
"2510VDS00600","2510","5.5000","S","2510CZS010","5.5200","0.0000",
"0290VDE00100","0290","0.7000","E","0290CZE010","0.0000","5.4800",
"0290VDE01100","0290","6.2600","E","0290CZE020","5.4800","12.5500",
"0290VDE01600","0290","13.0000","E","0290CZE030","12.5500","18.8600",
"0290VDE01800","0290","14.7100","E","0290CZE030","12.5500","18.8600",
"0290VDE04100","0290","40.6200","E","0290CZE090","40.3000","44.6000",
"0290VDE04300","0290","43.1000","E","0290CZE090","40.3000","44.6000",
"0290VDE04400","0290","44.6000","E","0290CZE090","40.3000","44.6000",
"0290VDS04600","0290","44.6000","S","0290CZS090","44.6000","40.3000",
"0290VDS04300","0290","40.6200","S","0290CZS090","44.6000","40.3000",
"0290VDS02500","0290","19.8600","S","0290CZS040","22.1700","18.8600",
"0290VDS01200","0290","6.4800","S","0290CZS020","12.5500","5.4800",
"0150VDS29420","0150","336.2000","S","0150CZS380","340.1600","335.9600",
"0290VDS00200","0290","0.7000","S","0290CZS010","5.4800","0.0000",
"2510VDS02400","2510","24.0000","S","2510CZS025","27.9500","15.0000",
"2510VDS02800","2510","28.0000","S","2510CZS030","34.3800","27.9500",
"2510VDS03400","2510","34.3000","S","2510CZS030","34.3800","27.9500",
"2510VDS04400","2510","43.1000","S","2510CZS050","45.7000","42.8100",
"2510VDS05000","2510","48.9000","S","2510CZS060","50.3100","45.7000",
"2510VDS05200","2510","50.7000","S","2510CZS070","53.9000","50.3100",
"3000VDE00600","3000","6.0000","E","3000CZE030","5.6900","13.3000",
"3000VDE01100","3000","11.8000","E","3000CZE030","5.6900","13.3000",
"3000VDE01200","3000","12.7000","E","3000CZE030","5.6900","13.3000",
"2510VDE04600","2510","44.8000","E","2510CZE050","42.8100","45.7000",
"0150VDE29410","0150","336.2000","E","0150CZE380","335.9600","340.1600",
"3000VDS00600","3000","6.0000","S","3000CZS030","13.3000","5.6900",
"3000VDS01100","3000","11.8000","S","3000CZS030","13.3000","5.6900",
"3000VDS01200","3000","12.7000","S","3000CZS030","13.3000","5.6900",
"0150VDE26300","0150","291.8000","E","0150CZE290","291.7100","299.5300",
"0150VDE26400","0150","293.0000","E","0150CZE290","291.7100","299.5300",
"0150VDE26900","0150","299.3000","E","0150CZE290","291.7100","299.5300",
"0150VDE27000","0150","301.4000","E","0150CZE300","299.5300","307.4000",
"0150VDE27400","0150","307.5000","E","0150CZE305","307.4000","313.1500",
"0150VDE27700","0150","312.8000","E","0150CZE305","307.4000","313.1500",
"0150VDE28000","0150","317.2000","E","0150CZE315","317.1700","320.9700",
"0150VDE28200","0150","321.0000","E","0150CZE320","320.9700","326.0900",
"0150VDS00500","0150","4.5000","S","0150CZS010","6.2600","0.2600",
"0150VDS00700","0150","6.4000","S","0150CZS020","7.3000","6.2600",
"0150VDS01500","0150","16.7000","S","0150CZS030","23.5400","7.3000",
"1000VDS03800","1000","72.0000","S","1000CZS210","72.1800","69.9700",
"1000VDS04000","1000","75.3000","S","1000CZS230","76.2000","75.2900",
"0600VDS00028","0600","39.0000","S","0600CZS080","47.2400","33.0400",
"0600VDS00015","0600","20.4400","S","0600CZS070","33.0400","20.1600",
"0600VDS00010","0600","14.7800","S","0600CZS050","14.8600","7.8200",
"0600VDE00044","0600","61.4000","E","0600CZE110","56.7800","61.6600",
"0600VDS00044","0600","61.4000","S","0600CZS110","61.6600","56.7800",
"0600VDE00100","0600","62.3000","E","0600CZE130","61.7700","78.4800",
"0010VDE32350","0010","415.3000","E","0010CZE505","409.3000","416.0500",
"0010VDS31501","0010","408.2000","S","0010CZS490","408.4300","408.0400",
"0010VDS32351","0010","415.3000","S","0010CZS505","416.0500","409.3000",
"0010VDE31500","0010","408.2000","E","0010CZE490","408.0400","408.4300",
"0010VDE28500","0010","369.4000","E","0010CZE400","364.9400","372.9000",
"0010VDS00300","0010","3.3000","S","0010CZS011","4.0100","2.0200",
"0010VDS00500","0010","5.1000","S","0010CZS030","5.5800","5.0800",
"0010VDE29200","0010","377.9000","E","0010CZE405","372.9000","378.2100",
"0010VDE30600","0010","395.0000","E","0010CZE460","394.9600","403.3000",
"0010VDE30800","0010","399.7000","E","0010CZE460","394.9600","403.3000",
"0010VDE31400","0010","406.5000","E","0010CZE470","403.3000","406.9400",
"0600VDS00100","0600","62.3000","S","0600CZS130","78.4800","61.7700",
"0300VDS07200","0300","85.1000","S","0300CZS210","85.2600","83.2500",
"0300VDS07600","0300","96.1000","S","0300CZS220","96.1500","85.2600",
"0300VDS09000","0300","115.9000","S","0300CZS230","116.1700","96.1500",
"0650VDE00900","0650","26.3800","E","0650CZE090","26.3400","33.0000",
"0650VDE01300","0650","30.5000","E","0650CZE090","26.3400","33.0000",
"0300VDS10400","0300","141.3000","S","0300CZS250","141.4300","122.2700",
"0300VDS11300","0300","153.0000","S","0300CZS260","154.5800","141.4300",
"0650VDE02700","0650","50.2000","E","0650CZE100","33.0000","50.8600",
"0300VDS12200","0300","164.5000","S","0300CZS280","190.7700","164.2500",
"0650VDE03600","0650","60.7400","E","0650CZE120","59.0700","61.7700",
"0650VDE03800","0650","63.2600","E","0650CZE130","61.7700","69.0100",
"1000VDS04500","1000","81.8000","S","1000CZS250","82.0600","79.0400",
"1000VDS05200","1000","94.8000","S","1000CZS300","95.0300","90.8200",
"1000VDS05400","1000","97.9000","S","1000CZS330","103.3000","97.6900",
"1000VDS05900","1000","102.8000","S","1000CZS330","103.3000","97.6900",
"1000VDS06200","1000","106.1000","S","1000CZS340","106.9400","103.3000",
"1000VDS06500","1000","112.6000","S","1000CZS360","116.3400","112.2100",
"1000VDS06600","1000","114.4000","S","1000CZS360","116.3400","112.2100",
"1000VDS06700","1000","117.0000","S","1000CZS370","119.2000","116.3400",
"1000VDS06900","1000","119.5000","S","1000CZS380","121.4000","119.2000",
"1000VDS07100","1000","121.8000","S","1000CZS390","0.0000","121.4000",
"1000VDS07500","1000","127.2000","S","1000CZS390","0.0000","121.4000",
"1020VDE00100","1020","1.1000","E","1020CZE010","0.3800","4.2800",
"1020VDE00400","1020","4.2000","E","1020CZE010","0.3800","4.2800",
"1020VDE00800","1020","9.6000","E","1020CZE020","4.2800","9.6800",
"1020VDE01100","1020","13.1000","E","1020CZE030","9.6800","13.4000",
"1020VDS00400","1020","4.2000","S","1020CZS010","4.2800","0.3800",
"1020VDS00800","1020","9.6000","S","1020CZS020","9.6800","4.2800",
"1020VDS01100","1020","13.1000","S","1020CZS030","13.4000","9.6800",
"1040VDE00800","1040","12.8000","E","1040CZE040","12.7100","18.2900",
"1040VDS00800","1040","12.8000","S","1040CZS040","18.2900","12.7100",
"1100VDE00200","1100","2.2000","E","1100CZE020","2.1600","4.2000",
"1100VDE00400","1100","4.2000","E","1100CZE030","4.2000","7.5000",
"1100VDE00700","1100","7.3000","E","1100CZE030","4.2000","7.5000",
"1100VDE01200","1100","13.8000","E","1100CZE070","13.6400","17.0400",
"1100VDE01400","1100","16.6000","E","1100CZE070","13.6400","17.0400",
"1100VDE01700","1100","20.1000","E","1100CZE090","20.0700","24.4400",
"0010VDE08200","0010","134.5000","E","0010CZE150","133.8700","139.3500",
"1100VDS00200","1100","2.2000","S","1100CZS020","4.2000","2.1600",
"1100VDS00400","1100","4.2000","S","1100CZS030","7.5000","4.2000",
"1100VDS00900","1100","9.3000","S","1100CZS040","9.8300","7.5000",
"1100VDS01200","1100","13.8000","S","1100CZS070","17.0400","13.6400",
"1100VDS01400","1100","16.6000","S","1100CZS070","17.0400","13.6400",
"1100VDS01700","1100","20.1000","S","1100CZS090","24.4400","20.0700",
"0010VDE24200","0010","308.9000","E","0010CZE355","308.6000","316.1000",
"0010VDS24200","0010","308.9000","S","0010CZS355","316.1000","308.6000",
"1200VDE01400","1200","14.0000","E","1200CZE040","10.3900","14.1700",
"1200VDE01700","1200","17.8000","E","1200CZE070","17.2900","19.0200",
"1200VDE01800","1200","19.1000","E","1200CZE080","19.0200","23.9000",
"1200VDS01400","1200","14.0000","S","1200CZS040","14.1700","10.3900",
"1200VDS01500","1200","14.8000","S","1200CZS050","16.5000","14.1700",
"1200VDS01800","1200","19.1000","S","1200CZS080","23.9000","19.0200",
"0101VDE06900","0101","100.8000","E","0101CZE110","100.2600","104.9600",
"0101VDS00100","0101","0.1000","S","0101CZS010","0.3600","0.0000",
"0300VDE07200","0300","85.1000","E","0300CZE210","83.2500","85.2600",
"1510VDE02200","1510","23.1000","E","1510CZE030","22.8100","31.6700",
"0300VDE07600","0300","96.1000","E","0300CZE220","85.2600","96.1500",
"0300VDE08300","0300","100.2000","E","0300CZE230","96.1500","116.1700",
"1510VDE05700","1510","58.2000","E","1510CZE060","57.8100","61.3600",
"0300VDE09000","0300","115.9000","E","0300CZE230","96.1500","116.1700",
"0300VDE09300","0300","122.9000","E","0300CZE250","122.2700","141.4300",
"1510VDS02200","1510","23.1000","S","1510CZS030","31.6700","22.8100",
"1510VDS02300","1510","24.5000","S","1510CZS030","31.6700","22.8100",
"0300VDE09900","0300","131.3000","E","0300CZE250","122.2700","141.4300",
"0300VDE10400","0300","141.3000","E","0300CZE250","122.2700","141.4300",
"1510VDS04300","1510","43.9000","S","1510CZS040","44.0900","31.6700",
"0300VDE11400","0300","154.8000","E","0300CZE270","154.5800","164.2500",
"1510VDS05700","1510","58.2000","S","1510CZS060","61.3600","57.8100",
"0300VDE12200","0300","164.5000","E","0300CZE280","164.2500","190.7700",
"2510VDE00600","2510","5.5000","E","2510CZE010","0.0000","5.5200",
"0400VDS09500","0400","124.5800","S","0400CZS140","126.9100","103.1900",
"0400VDE09500","0400","124.5800","E","0400CZE140","103.1900","126.9100",
"0550VDE13200","0550","251.7000","E","0550CZE240","246.9600","261.1500",
"0550VDE14500","0550","266.6000","E","0550CZE250","261.1500","273.1200",
"0550VDE15100","0550","275.2000","E","0550CZE265","274.3400","281.4200",
"0550VDE16900","0550","294.4100","E","0550CZE280","294.2400","313.5000",
"0550VDE19400","0550","320.7000","E","0550CZE305","320.3000","325.5400",
"0550VDE20000","0550","327.1000","E","0550CZE310","325.5400","336.2500",
"0500VDE01800","0500","22.8000","E","0500CZE065","22.7000","24.4200",
"0500VDE01900","0500","23.7000","E","0500CZE065","22.7000","24.4200",
"0450VDS19600","0450","236.0000","S","0450CZS220","239.0000","233.7800",
"0450VDS21100","0450","251.2000","S","0450CZS230","265.6200","251.0900",
"0450VDS21700","0450","257.5000","S","0450CZS230","265.6200","251.0900",
"0450VDS22600","0450","266.0000","S","0450CZS240","267.9600","265.6200",
"0450VDS22900","0450","270.6000","S","0450CZS245","273.4000","267.9600",
"0450VDS23100","0450","273.8000","S","0450CZS250","282.6000","273.4000",
"0500VDE00500","0500","6.0500","E","0500CZE020","5.0000","7.9600",
"0500VDE01000","0500","12.6000","E","0500CZE040","12.5400","15.8700",
"0500VDE01300","0500","16.6000","E","0500CZE050","15.8700","17.1000",
"0500VDE01500","0500","19.3000","E","0500CZE060","17.1000","22.7000",
"0500VDE02400","0500","28.5000","E","0500CZE090","27.9600","30.8000",
"0500VDE02700","0500","31.9000","E","0500CZE100","30.8000","36.8900",
"0500VDE03560","0500","42.0000","E","0500CZE120","41.7900","48.4100",
"0500VDE03750","0500","45.0000","E","0500CZE120","41.7900","48.4100",
"0500VDE03950","0500","47.0000","E","0500CZE120","41.7900","48.4100",
"0500VDE04101","0500","48.1900","E","0500CZE120","41.7900","48.4100",
"0500VDE04102","0500","48.2600","E","0500CZE120","41.7900","48.4100",
"0500VDE04150","0500","48.4000","E","0500CZE120","41.7900","48.4100",
"0500VDE04105","0500","49.1700","E","0500CZE130","48.4100","50.0000",
"0500VDE04106","0500","49.1900","E","0500CZE130","48.4100","50.0000",
"0500VDE04425","0500","52.4000","E","0500CZE135","50.0000","52.5100",
"0500VDE04750","0500","55.3000","E","0500CZE140","52.5100","60.4700",
"0500VDE05300","0500","60.8200","E","0500CZE150","60.4700","67.5700",
"0500VDE06450","0500","72.7000","E","0500CZE160","67.5700","73.2900",
"0500VDE06680","0500","74.3000","E","0500CZE170","73.2900","79.6300",
"0500VDE07800","0500","86.5000","E","0500CZE180","79.6300","88.2900",
"0500VDE07900","0500","87.4000","E","0500CZE180","79.6300","88.2900",
"0500VDE08300","0500","94.2000","E","0500CZE190","88.2900","94.4700",
"0500VDE09700","0500","113.8000","E","0500CZE200","94.4700","114.4500",
"0500VDE10000","0500","118.4000","E","0500CZE210","114.4500","123.6000",
"0500VDE10500","0500","123.6000","E","0500CZE220","123.6000","127.4000",
"0500VDE10800","0500","127.4000","E","0500CZE225","127.4000","130.2000",
"0500VDE11800","0500","137.6000","E","0500CZE230","130.2000","142.9300",
"0500VDE12600","0500","145.5000","E","0500CZE240","142.9300","160.0100",
"0500VDE12800","0500","147.3000","E","0500CZE240","142.9300","160.0100",
"0500VDE13000","0500","149.5000","E","0500CZE240","142.9300","160.0100",
"0500VDE13100","0500","151.0000","E","0500CZE240","142.9300","160.0100",
"0500VDE13200","0500","152.5000","E","0500CZE240","142.9300","160.0100",
"0010VDE00300","0010","3.3000","E","0010CZE011","2.0200","4.0100",
"0010VDE00500","0010","5.1000","E","0010CZE030","5.0800","5.5800",
"0500VDE13900","0500","160.2000","E","0500CZE250","160.0100","167.3000",
"0010VDE01100","0010","11.1000","E","0010CZE035","5.5800","12.8600",
"0010VDE01200","0010","11.9000","E","0010CZE035","5.5800","12.8600",
"0500VDE14500","0500","166.1000","E","0500CZE250","160.0100","167.3000",
"0010VDE01300","0010","12.8000","E","0010CZE035","5.5800","12.8600",
"0500VDE15500","0500","182.5000","E","0500CZE260","176.6000","182.6900",
"0010VDE03300","0010","31.2000","E","0010CZE055","31.0000","32.0500",
"0450VDE09400","0450","102.2000","E","0450CZE100","85.6100","102.3200",
"0010VDE03500","0010","33.1000","E","0010CZE060","32.0500","33.6000",
"0010VDE03600","0010","34.1000","E","0010CZE065","33.6000","38.4800",
"0450VDE09900","0450","113.8000","E","0450CZE110","102.3200","114.4700",
"0450VDE10000","0450","114.8000","E","0450CZE120","114.4700","123.3900",
"0450VDE11900","0450","138.6000","E","0450CZE130","123.3900","139.2000",
"0450VDE12600","0450","145.8000","E","0450CZE140","139.2000","146.4000",
"0450VDE13900","0450","159.0000","E","0450CZE150","146.4000","159.4400",
"0450VDE16000","0450","180.7000","E","0450CZE170","166.9000","180.8800",
"0010VDE04100","0010","39.1000","E","0010CZE070","38.4800","40.1100",
"0010VDE04400","0010","96.7000","E","0010CZE110","96.3900","112.8400",
"0450VDE16600","0450","195.0000","E","0450CZE180","180.8800","195.5100",
"0010VDE05900","0010","111.3000","E","0010CZE110","96.3900","112.8400",
"0450VDE16700","0450","204.2000","E","0450CZE190","195.5100","209.7000",
"0450VDE18700","0450","225.4000","E","0450CZE210","224.6100","229.6200",
"0450VDE19100","0450","230.5000","E","0450CZE215","229.6200","233.7800",
"0450VDE19400","0450","233.6000","E","0450CZE215","229.6200","233.7800",
"0450VDE20600","0450","246.0000","E","0450CZE225","239.0000","251.0900",
"0450VDE21100","0450","251.2000","E","0450CZE230","251.0900","265.6200",
"0450VDE21200","0450","252.2000","E","0450CZE230","251.0900","265.6200",
"0450VDE22600","0450","266.0000","E","0450CZE240","265.6200","267.9600",
"0450VDE22900","0450","270.6000","E","0450CZE245","267.9600","273.4000",
"0450VDE23100","0450","273.8000","E","0450CZE250","273.4000","282.6000",
"0450VDE24800","0450","296.4000","E","0450CZE260","282.6000","296.7000",
"0450VDS00300","0450","3.6000","S","0450CZS020","8.6700","3.4900",
"0450VDS02100","0450","24.5000","S","0450CZS050","35.9700","24.4000",
"0450VDS03100","0450","36.1000","S","0450CZS060","52.3800","35.9700",
"0450VDS05500","0450","62.6000","S","0450CZS070","63.0800","52.3800",
"0450VDS05600","0450","63.7000","S","0450CZS080","73.7000","63.0800",
"0450VDS06600","0450","73.8000","S","0450CZS090","85.6100","73.7000",
"0450VDS06900","0450","76.9000","S","0450CZS090","85.6100","73.7000",
"0450VDS07700","0450","84.9000","S","0450CZS090","85.6100","73.7000",
"0450VDS08800","0450","96.4000","S","0450CZS100","102.3200","85.6100",
"0351VDE11400","0351","134.4000","E","0351CZE130","125.4900","135.0900",
"0351VDE11700","0351","138.4000","E","0351CZE140","135.0900","149.5500",
"0351VDE12700","0351","150.0000","E","0351CZE150","149.5500","165.5800",
"0010VDS04190","0010","58.6000","S","0010CZS085","68.2600","57.2000",
"0351VDE14500","0351","173.9000","E","0351CZE160","165.5800","184.7400",
"0010VDS04270","0010","75.9000","S","0010CZS090","78.6600","68.2600",
"0351VDE16500","0351","195.6000","E","0351CZE170","184.7400","196.0000",
"0351VDE17200","0351","205.1000","E","0351CZE190","204.4400","207.7300",
"0351VDE17400","0351","207.3000","E","0351CZE190","204.4400","207.7300",
"0010VDS04335","0010","90.4500","S","0010CZS100","90.8000","78.6600",
"0010VDS04340","0010","91.7300","S","0010CZS105","96.3900","90.8000",
"0351VDS01100","0351","14.2000","S","0351CZS020","14.5600","4.3900",
"0010VDE04120","0010","43.8000","E","0010CZE080","40.1100","57.2000",
"0010VDE04185","0010","57.4000","E","0010CZE085","57.2000","68.2600",
"0010VDE04270","0010","75.9000","E","0010CZE090","68.2600","78.6600",
"0351VDS04100","0351","48.0000","S","0351CZS060","55.4000","47.8900",
"0010VDE04340","0010","91.7300","E","0010CZE105","90.8000","96.3900",
"0010VDE11900","0010","171.9000","E","0010CZE190","167.2500","172.3200",
"0010VDE12000","0010","172.7000","E","0010CZE200","172.3200","179.2800",
"0351VDS08200","0351","89.5000","S","0351CZS090","96.8500","89.4700",
"0351VDS09600","0351","105.6000","S","0351CZS110","111.6100","105.1800",
"0010VDE13600","0010","191.8000","E","0010CZE210","183.1800","192.3000",
"0010VDE13700","0010","192.4000","E","0010CZE215","192.3000","200.2700",
"0010VDE13800","0010","193.6000","E","0010CZE215","192.3000","200.2700",
"0351VDS11400","0351","134.4000","S","0351CZS130","135.0900","125.4900",
"0351VDS13100","0351","157.2000","S","0351CZS150","165.5800","149.5500",
"0150VDE29010","0150","335.6000","E","0150CZE370","333.2900","335.9600",
"0351VDS13300","0351","160.1000","S","0351CZS150","165.5800","149.5500",
"0150VDS29000","0150","335.6000","S","0150CZS370","335.9600","333.2900",
"0351VDS14700","0351","176.3000","S","0351CZS160","184.7400","165.5800",
"0010VDE15200","0010","207.2000","E","0010CZE220","200.2700","212.3000",
"0010VDE15800","0010","212.9000","E","0010CZE230","212.3000","222.3800",
"0351VDS16500","0351","195.6000","S","0351CZS170","196.0000","184.7400",
"0351VDS17400","0351","207.3000","S","0351CZS190","207.7300","204.4400",
"0352VDE02200","0352","269.3000","E","0352CZE310","269.2700","281.2000",
"0352VDE03200","0352","279.5000","E","0352CZE310","269.2700","281.2000",
"0550VDS18750","0550","312.8000","S","0550CZS280","313.5000","294.2400",
"0550VDE18750","0550","312.8000","E","0550CZE280","294.2400","313.5000",
"0010VDE16700","0010","221.8000","E","0010CZE230","212.3000","222.3800",
"0010VDE16800","0010","223.0000","E","0010CZE240","222.3800","232.2700",
"0352VDE04300","0352","289.5000","E","0352CZE320","281.2000","289.7000",
"0352VDE05200","0352","298.3000","E","0352CZE340","293.8900","298.4000",
"0352VDE06000","0352","306.6000","E","0352CZE345","298.4000","306.8000",
"0352VDE07300","0352","326.4000","E","0352CZE370","325.8900","329.2000",
"0352VDE07400","0352","327.2000","E","0352CZE370","325.8900","329.2000",
"0352VDE07500","0352","329.1000","E","0352CZE370","325.8900","329.2000",
"0352VDE07600","0352","331.5000","E","0352CZE380","329.2000","331.5000",
"0352VDE08600","0352","343.7000","E","0352CZE385","339.9100","344.0000",
"0352VDE10100","0352","361.9000","E","0352CZE420","361.2000","362.2000",
"0352VDE10200","0352","363.3000","E","0352CZE430","362.2000","364.5900",
"0352VDE10300","0352","364.0000","E","0352CZE430","362.2000","364.5900",
"0352VDS01600","0352","263.1000","S","0352CZS300","264.8000","260.8900",
"0352VDS02200","0352","269.3000","S","0352CZS310","281.2000","269.2700",
"0352VDS03000","0352","277.2000","S","0352CZS310","281.2000","269.2700",
"0352VDS03400","0352","281.0000","S","0352CZS310","281.2000","269.2700",
"0352VDS04300","0352","289.5000","S","0352CZS320","289.7000","281.2000",
"0352VDS04400","0352","290.8000","S","0352CZS330","293.8900","289.7000",
"0352VDS04800","0352","293.7000","S","0352CZS330","293.8900","289.7000",
"0352VDS05200","0352","298.3000","S","0352CZS340","298.4000","293.8900",
"0352VDS06000","0352","306.6000","S","0352CZS345","306.8000","298.4000",
"0352VDS06600","0352","317.6000","S","0352CZS355","323.5100","317.4000",
"0352VDS07000","0352","322.5000","S","0352CZS355","323.5100","317.4000",
"0352VDS07100","0352","324.2000","S","0352CZS360","325.8900","323.5100",
"0352VDS07400","0352","327.2000","S","0352CZS370","329.2000","325.8900",
"0352VDS07500","0352","329.1000","S","0352CZS370","329.2000","325.8900",
"0352VDS08200","0352","339.2000","S","0352CZS383","339.9100","333.8000",
"0352VDS08600","0352","343.7000","S","0352CZS385","344.0000","339.9100",
"0352VDS10100","0352","361.9000","S","0352CZS420","362.2000","361.2000",
"0352VDS10200","0352","363.3000","S","0352CZS430","364.5900","362.2000",
"0352VDS10300","0352","364.0000","S","0352CZS430","364.5900","362.2000",
"0370VDE00500","0370","331.8000","E","0370CZE023","331.5000","339.9000",
"0251VDS15700","0251","169.9000","S","0251CZS280","175.4700","169.4400",
"0251VDS16000","0251","171.8000","S","0251CZS280","175.4700","169.4400",
"0251VDS16110","0251","175.4000","S","0251CZS280","175.4700","169.4400",
"0251VDS16210","0251","177.9000","S","0251CZS300","183.8000","177.8000",
"0251VDS17010","0251","183.9000","S","0251CZS310","194.2200","183.8000",
"0251VDS18200","0251","194.2000","S","0251CZS310","194.2200","183.8000",
"0400VDE05300","0400","57.6000","E","0400CZE080","55.4000","57.9000",
"0400VDE06100","0400","65.5000","E","0400CZE095","65.1000","72.4100",
"0400VDE06700","0400","72.1000","E","0400CZE095","65.1000","72.4100",
"0400VDE07900","0400","85.8400","E","0400CZE120","85.4900","90.8600",
"0400VDE08100","0400","91.1600","E","0400CZE130","90.8600","103.1900",
"0400VDE08200","0400","93.2900","E","0400CZE130","90.8600","103.1900",
"0400VDS00100","0400","0.4000","S","0400CZS010","2.8000","0.0000",
"0400VDS00300","0400","2.4000","S","0400CZS010","2.8000","0.0000",
"0400VDS00800","0400","8.0000","S","0400CZS020","8.0000","2.8000",
"0400VDS02000","0400","20.6000","S","0400CZS035","20.8700","13.7000",
"0400VDS02400","0400","23.4000","S","0400CZS040","23.7000","20.8700",
"0400VDS02700","0400","25.8000","S","0400CZS060","35.8900","25.6800",
"0400VDS04000","0400","38.8000","S","0400CZS070","55.4000","35.8900",
"0400VDS05300","0400","57.6000","S","0400CZS080","57.9000","55.4000",
"0450VDS09400","0450","102.2000","S","0450CZS100","102.3200","85.6100",
"0450VDS09900","0450","113.8000","S","0450CZS110","114.4700","102.3200",
"0450VDS10000","0450","114.8000","S","0450CZS120","123.3900","114.4700",
"0450VDS10300","0450","118.3000","S","0450CZS120","123.3900","114.4700",
"0450VDS11200","0450","127.2000","S","0450CZS130","139.2000","123.3900",
"0450VDS11500","0450","133.8000","S","0450CZS130","139.2000","123.3900",
"0450VDS11600","0450","135.0000","S","0450CZS130","139.2000","123.3900",
"0450VDS11700","0450","135.9000","S","0450CZS130","139.2000","123.3900",
"0450VDS11900","0450","138.6000","S","0450CZS130","139.2000","123.3900",
"0450VDS12600","0450","145.8000","S","0450CZS140","146.4000","139.2000",
"0450VDS13100","0450","151.0000","S","0450CZS150","159.4400","146.4000",
"0450VDS13900","0450","159.0000","S","0450CZS150","159.4400","146.4000",
"0450VDS16000","0450","180.7000","S","0450CZS170","180.8800","166.9000",
"0450VDS16600","0450","195.0000","S","0450CZS180","195.5100","180.8800",
"0450VDS19000","0450","229.1000","S","0450CZS210","229.6200","224.6100",
"0450VDS19400","0450","233.6000","S","0450CZS215","233.7800","229.6200",
"0010VDS31400","0010","406.5000","S","0010CZS470","406.9400","403.3000",
"0010VDS01200","0010","11.9000","S","0010CZS035","12.8600","5.5800",
"0010VDS01300","0010","12.8000","S","0010CZS035","12.8600","5.5800",
"0010VDS01900","0010","18.2000","S","0010CZS050","31.0000","17.9400",
"0010VDS05300","0010","105.3000","S","0010CZS110","112.8400","96.3900",
"0010VDS06000","0010","112.5000","S","0010CZS110","112.8400","96.3900",
"0010VDS06900","0010","121.9000","S","0010CZS120","122.1000","112.8400",
"0010VDS07000","0010","122.7000","S","0010CZS130","126.1900","122.1000",
"0010VDS07100","0010","123.6000","S","0010CZS130","126.1900","122.1000",
"0010VDS07400","0010","126.5000","S","0010CZS140","133.8700","126.1900",
"0010VDS08200","0010","134.5000","S","0010CZS150","139.3500","133.8700",
"0010VDS08600","0010","138.6000","S","0010CZS150","139.3500","133.8700",
"0010VDS08700","0010","139.8000","S","0010CZS160","143.4000","139.3500",
"0010VDS03200","0010","30.3000","S","0010CZS050","31.0000","17.9400",
"0010VDS09700","0010","149.8000","S","0010CZS165","150.0900","143.4000",
"0010VDS09900","0010","152.9000","S","0010CZS170","153.2700","150.0900",
"0010VDE26000","0010","334.0000","E","0010CZE370","333.4400","340.1400",
"0010VDE26100","0010","335.2000","E","0010CZE370","333.4400","340.1400",
"0010VDE26200","0010","336.1000","E","0010CZE370","333.4400","340.1400",
"0010VDS03400","0010","32.2000","S","0010CZS060","33.6000","32.0500",
"0010VDS03500","0010","33.1000","S","0010CZS060","33.6000","32.0500",
"0010VDS03600","0010","34.1000","S","0010CZS065","38.4800","33.6000",
"0010VDE27500","0010","360.0000","E","0010CZE385","348.5000","360.1100",
"0010VDS04000","0010","38.0000","S","0010CZS065","38.4800","33.6000",
"0010VDE28000","0010","365.0000","E","0010CZE400","364.9400","372.9000",
"0010VDS04400","0010","96.7000","S","0010CZS110","112.8400","96.3900",
"0120VDE00400","0120","8.9000","E","0120CZE100","7.6800","11.4200",
"0120VDE02250","0120","29.8000","E","0120CZE120","29.6200","47.1800",
"0010VDE17500","0010","229.7000","E","0010CZE240","222.3800","232.2700",
"0010VDE17800","0010","232.7000","E","0010CZE250","232.2700","248.3100",
"0010VDE19900","0010","260.2000","E","0010CZE270","259.7100","268.3800",
"0010VDE20600","0010","267.8000","E","0010CZE270","259.7100","268.3800",
"0010VDE20900","0010","272.1000","E","0010CZE280","268.3800","272.4400",
"0010VDE21000","0010","273.3000","E","0010CZE290","272.4400","277.8900",
"0010VDE21400","0010","277.1000","E","0010CZE290","272.4400","277.8900",
"0010VDE21500","0010","278.0000","E","0010CZE300","277.8900","282.9800",
"0010VDE21700","0010","280.9000","E","0010CZE300","277.8900","282.9800",
"0010VDE21800","0010","281.9000","E","0010CZE300","277.8900","282.9800",
"0010VDE22500","0010","289.1000","E","0010CZE310","282.9800","293.0500",
"0120VDE03550","0120","65.6000","E","0120CZE130","56.2200","65.7200",
"0010VDE22900","0010","293.0000","E","0010CZE310","282.9800","293.0500",
"0120VDS08200","0120","150.9000","S","0120CZS200","152.8800","146.4800",
"0120VDS08300","0120","152.8000","S","0120CZS200","152.8800","146.4800",
"0120VDS09400","0120","166.6000","S","0120CZS220","167.4800","165.5000",
"0120VDS09500","0120","169.1000","S","0120CZS230","177.0800","167.4800",
"0141VDE16800","0141","120.7000","E","0141CZE200","100.2000","120.7400",
"0141VDE17600","0141","129.9000","E","0141CZE220","129.8200","144.4500",
"0141VDE17700","0141","130.7000","E","0141CZE220","129.8200","144.4500",
"0141VDE17750","0141","131.5100","E","0141CZE220","129.8200","144.4500",
"0141VDE17900","0141","132.2000","E","0141CZE220","129.8200","144.4500",
"0141VDS16800","0141","120.7000","S","0141CZS200","120.7400","100.2000",
"0141VDS17600","0141","129.9000","S","0141CZS220","144.4500","129.8200",
"0141VDS17700","0141","130.7000","S","0141CZS220","144.4500","129.8200",
"0141VDS17750","0141","131.5100","S","0141CZS220","144.4500","129.8200",
"0141VDS17900","0141","132.2000","S","0141CZS220","144.4500","129.8200",
"0120VDE07000","0120","131.4000","E","0120CZE180","121.0800","131.6800",
"0120VDE08300","0120","152.8000","E","0120CZE200","146.4800","152.8800",
"0120VDE09400","0120","166.6000","E","0120CZE220","165.5000","167.4800",
"0120VDE09500","0120","169.1000","E","0120CZE230","167.4800","177.0800",
"0120VDS00400","0120","8.9000","S","0120CZS100","11.4200","7.6800",
"0120VDS02250","0120","29.8000","S","0120CZS120","47.1800","29.6200",
"0120VDS02520","0120","39.7000","S","0120CZS120","47.1800","29.6200",
"0120VDS03550","0120","65.6000","S","0120CZS130","65.7200","56.2200",
"0500VDE11700","0500","136.9000","E","0500CZE230","130.2000","142.9300",
"0500VDE12300","0500","142.9000","E","0500CZE230","130.2000","142.9300",
"0500VDE14400","0500","165.1000","E","0500CZE250","160.0100","167.3000",
"0500VDE14600","0500","167.0000","E","0500CZE250","160.0100","167.3000",
"0500VDE15100","0500","177.1800","E","0500CZE260","176.6000","182.6900",
"0500VDE16300","0500","191.4000","E","0500CZE270","182.6900","191.8500",
"0500VDE17800","0500","209.7000","E","0500CZE290","198.9900","211.8400",
"0500VDE18000","0500","211.6000","E","0500CZE290","198.9900","211.8400",
"0120VDS07000","0120","131.4000","S","0120CZS180","131.6800","121.0800",
"0650VDS10400","0650","109.4700","S","0650CZS170","113.4100","103.1400",
"0650VDE10400","0650","109.4700","E","0650CZE170","103.1400","113.4100",
"0650VDS10600","0650","113.4000","S","0650CZS170","113.4100","103.1400",
"0650VDE10600","0650","113.4000","E","0650CZE170","103.1400","113.4100",
"0010VDS27801","0010","362.3500","S","0010CZS390","364.9400","360.1100",
"0351VDS00410","0351","4.5000","S","0351CZS020","14.5600","4.3900",
"0351VDE00410","0351","4.5000","E","0351CZE020","4.3900","14.5600",
"0500VDS16300","0500","191.4000","S","0500CZS270","191.8500","182.6900",
"0500VDS18000","0500","211.6000","S","0500CZS290","211.8400","198.9900",
"0500VDS18200","0500","213.8000","S","0500CZS300","234.4000","211.8400",
"0500VDS18300","0500","218.1000","S","0500CZS300","234.4000","211.8400",
"0500VDS11000","0500","130.1000","S","0500CZS225","130.2000","127.4000",
"0500VDS12300","0500","142.9000","S","0500CZS230","142.9300","130.2000",
"0150VDS02300","0150","26.1000","S","0150CZS050","33.8100","26.0000",
"0150VDS02700","0150","30.2000","S","0150CZS050","33.8100","26.0000",
"0150VDS03000","0150","33.7000","S","0150CZS050","33.8100","26.0000",
"0150VDS05000","0150","57.7000","S","0150CZS060","58.1400","50.2900",
"0150VDS07500","0150","84.6000","S","0150CZS090","84.8500","76.9400",
"0150VDS09200","0150","103.7000","S","0150CZS110","110.9000","94.7200",
"0150VDE19800","0150","224.5000","E","0150CZE220","224.1200","237.8000",
"0150VDE21200","0150","240.7000","E","0150CZE230","237.8000","248.5200",
"0150VDE22600","0150","254.5000","E","0150CZE240","248.5200","255.1000",
"0150VDE22700","0150","255.9000","E","0150CZE250","255.1000","264.4700",
"0150VDE23700","0150","264.9000","E","0150CZE260","264.4700","272.5400",
"0150VDE23800","0150","266.0000","E","0150CZE260","264.4700","272.5400",
"0150VDE24500","0150","272.8000","E","0150CZE270","272.5400","285.1800",
"0100VDE05500","0100","56.4000","E","0100CZE090","52.1000","60.1000",
"0100VDE06600","0100","67.8000","E","0100CZE110","66.0000","68.5000",
"0100VDE06700","0100","68.8000","E","0100CZE120","68.5000","71.7000",
"0100VDE06900","0100","71.4000","E","0100CZE120","68.5000","71.7000",
"0100VDE07300","0100","75.6000","E","0100CZE130","71.7000","75.7000",
"0100VDE07500","0100","82.7000","E","0100CZE150","82.6000","88.6000",
"0100VDE08100","0100","88.5000","E","0100CZE150","82.6000","88.6000",
"0100VDE09200","0100","99.7000","E","0100CZE170","97.8000","100.6000",
"0100VDE09300","0100","100.4000","E","0100CZE170","97.8000","100.6000",
"0100VDE09700","0100","104.5000","E","0100CZE190","104.2000","112.9000",
"0100VDE10250","0100","112.4000","E","0100CZE190","104.2000","112.9000",
"0100VDE10400","0100","116.5000","E","0100CZE205","116.0000","120.9000",
"0100VDE10700","0100","124.6000","E","0100CZE215","123.6000","124.8000",
"0100VDE11300","0100","133.2000","E","0100CZE230","128.4000","133.4000",
"0100VDE11400","0100","133.9000","E","0100CZE240","133.4000","135.7000",
"0100VDE11500","0100","134.9000","E","0100CZE240","133.4000","135.7000",
"0100VDE11900","0100","139.8000","E","0100CZE250","139.7000","142.9000",
"0100VDE12000","0100","141.1000","E","0100CZE250","139.7000","142.9000",
"0010VDS29200","0010","377.9000","S","0010CZS405","378.2100","372.9000",
"0010VDS30100","0010","389.0000","S","0010CZS440","392.2800","387.1900",
"0010VDS30600","0010","395.0000","S","0010CZS460","403.3000","394.9600",
"0140VDE02300","0140","35.8000","E","0140CZE050","28.9300","36.2400",
"0101VDE04700","0101","60.9000","E","0101CZE060","38.2600","61.2000",
"0100VDS07500","0100","82.7000","S","0100CZS150","88.6000","82.6000",
"0100VDS08100","0100","88.5000","S","0100CZS150","88.6000","82.6000",
"0140VDS01100","0140","16.9000","S","0140CZS030","17.1200","12.6000",
"0140VDS02300","0140","35.8000","S","0140CZS050","36.2400","28.9300",
"0150VDE00500","0150","4.5000","E","0150CZE010","0.2600","6.2600",
"0150VDE00700","0150","6.4000","E","0150CZE020","6.2600","7.3000",
"0150VDE02300","0150","26.1000","E","0150CZE050","26.0000","33.8100",
"0150VDE03000","0150","33.7000","E","0150CZE050","26.0000","33.8100",
"0150VDE03300","0150","37.0000","E","0150CZE055","33.8100","50.2900",
"0100VDS09000","0100","97.6000","S","0100CZS160","97.8000","88.6000",
"0150VDE07000","0150","79.4000","E","0150CZE090","76.9400","84.8500",
"0150VDE07500","0150","84.6000","E","0150CZE090","76.9400","84.8500",
"0150VDE12200","0150","137.6000","E","0150CZE140","137.3800","145.7800",
"0150VDE12900","0150","146.4000","E","0150CZE150","145.7800","152.0000",
"0150VDE13400","0150","151.2000","E","0150CZE150","145.7800","152.0000",
"0150VDE13900","0150","155.1000","E","0150CZE160","152.0000","160.9900",
"0150VDE18600","0150","211.3000","E","0150CZE200","193.6000","213.3200",
"0150VDE18800","0150","213.7000","E","0150CZE210","213.3200","224.1200",
"0100VDS09200","0100","99.7000","S","0100CZS170","100.6000","97.8000",
"0100VDS09700","0100","104.5000","S","0100CZS190","112.9000","104.2000",
"0100VDS10250","0100","112.4000","S","0100CZS190","112.9000","104.2000",
"0100VDS10300","0100","115.3000","S","0100CZS200","116.0000","112.9000",
"0270VDE00400","0270","5.7000","E","0270CZE030","5.6300","25.0500",
"0100VDS10400","0100","116.5000","S","0100CZS205","120.9000","116.0000",
"0100VDE12400","0100","146.8000","E","0100CZE260","146.7000","151.5000",
"0100VDE13300","0100","158.3000","E","0100CZE280","156.0000","158.7000",
"0400VDE05100","0400","55.6800","E","0400CZE080","55.4000","57.9000",
"0400VDS05100","0400","55.6800","S","0400CZS080","57.9000","55.4000",
"0100VDS01300","0100","13.1000","S","0100CZS030","17.7000","12.6000",
"0100VDS02400","0100","24.2000","S","0100CZS050","28.6000","24.2000",
"0100VDS02800","0100","28.8000","S","0100CZS060","35.6000","28.6000",
"0100VDS03000","0100","31.1000","S","0100CZS060","35.6000","28.6000",
"0200VDE03200","0200","41.0000","E","0200CZE085","37.7000","59.3600",
"0652VDS00100","0652","47.2000","S","0652CZS010","55.3000","47.1500",
"0652VDS01500","0652","61.9000","S","0652CZS020","69.8600","55.3000",
"0652VDE00100","0652","47.2000","E","0652CZE010","47.1500","55.3000",
"0652VDE01500","0652","61.9000","E","0652CZE020","55.3000","69.8600",
"0652VDE03900","0652","85.1000","E","0652CZE040","81.4200","100.8300",
"0100VDS05500","0100","56.4000","S","0100CZS090","60.1000","52.1000",
"0200VDS02100","0200","26.1000","S","0200CZS075","28.5700","26.5100",
"0200VDS02300","0200","27.9000","S","0200CZS075","28.5700","26.5100",
"0200VDS03200","0200","41.0000","S","0200CZS085","59.3600","37.7000",
"0201VDE00800","0201","8.1000","E","0201CZE020","7.6000","10.3000",
"0201VDE01000","0201","10.0000","E","0201CZE020","7.6000","10.3000",
"0201VDE01200","0201","12.3000","E","0201CZE025","10.3000","16.5200",
"0500VDE02951","0500","34.2800","E","0500CZE100","30.8000","36.8900",
"0100VDS06550","0100","66.8000","S","0100CZS110","68.5000","66.0000",
"0100VDS06600","0100","67.8000","S","0100CZS110","68.5000","66.0000",
"0100VDS06700","0100","68.8000","S","0100CZS120","71.7000","68.5000",
"0100VDS07200","0100","74.9000","S","0100CZS130","75.7000","71.7000",
"0100VDS07300","0100","75.6000","S","0100CZS130","75.7000","71.7000",
"0201VDE01700","0201","17.0000","E","0201CZE030","16.5200","43.1300",
"0201VDS01000","0201","10.0000","S","0201CZS020","10.3000","7.6000",
"0201VDS01200","0201","12.3000","S","0201CZS025","16.5200","10.3000",
"0201VDS01700","0201","17.0000","S","0201CZS030","43.1300","16.5200",
"0201VDS03500","0201","42.7000","S","0201CZS030","43.1300","16.5200",
"0100VDS11300","0100","133.2000","S","0100CZS230","133.4000","128.4000",
"0100VDS11400","0100","133.9000","S","0100CZS240","135.7000","133.4000",
"0100VDS11500","0100","134.9000","S","0100CZS240","135.7000","133.4000",
"0100VDS11900","0100","139.8000","S","0100CZS250","142.9000","139.7000",
"0121VDE03206","0121","40.7200","E","0121CZE080","37.3000","41.3900",
"0100VDS12400","0100","146.8000","S","0100CZS260","151.5000","146.7000",
"0121VDS00900","0121","9.4000","S","0121CZS020","9.6200","3.7000",
"0100VDS13300","0100","158.3000","S","0100CZS280","158.7000","156.0000",
"0101VDE00100","0101","0.1000","E","0101CZE010","0.0000","0.3600",
"0121VDS02900","0121","34.3000","S","0121CZS060","34.4000","30.4000",
"0121VDS03206","0121","40.8600","S","0121CZS080","41.3900","37.3000",
"0140VDE01100","0140","16.9000","E","0140CZE030","12.6000","17.1200",
"0101VDE03200","0101","38.0000","E","0101CZE050","19.5300","38.2600",
